<?xml version="1.0" encoding="UTF-8"?>
<project-private xmlns="http://www.netbeans.org/ns/project-private/1">
    <editor-bookmarks xmlns="http://www.netbeans.org/ns/editor-bookmarks/2" lastBookmarkId="0"/>
    <open-files xmlns="http://www.netbeans.org/ns/projectui-open-files/2">
        <group>
            <file>file:/D:/SKA/Code/FFT2DDemo/src/fft2ddemo/FFT2DDemo.java</file>
            <file>file:/D:/SKA/Code/FFT2DDemo/src/fft2d/RadixTwo2DVectorRadix.java</file>
            <file>file:/D:/SKA/Code/FFT2DDemo/src/fft2d/FFT2D.java</file>
            <file>file:/D:/SKA/Code/FFT2DDemo/src/fft2d/RadixTwo2DRowColumn.java</file>
        </group>
    </open-files>
</project-private>
